-- phpMyAdmin SQL Dump
-- version 4.0.6
-- http://www.phpmyadmin.net
--
-- Host: localhost
-- Generation Time: Dec 10, 2014 at 07:53 PM
-- Server version: 5.1.69
-- PHP Version: 5.3.3

SET SQL_MODE = "NO_AUTO_VALUE_ON_ZERO";
SET time_zone = "+00:00";


/*!40101 SET @OLD_CHARACTER_SET_CLIENT=@@CHARACTER_SET_CLIENT */;
/*!40101 SET @OLD_CHARACTER_SET_RESULTS=@@CHARACTER_SET_RESULTS */;
/*!40101 SET @OLD_COLLATION_CONNECTION=@@COLLATION_CONNECTION */;
/*!40101 SET NAMES utf8 */;

--
-- Database: `bethanydunfield`
--

-- --------------------------------------------------------

--
-- Table structure for table `Espionage_Actions`
--

CREATE TABLE IF NOT EXISTS `Espionage_Actions` (
  `ID` int(11) NOT NULL AUTO_INCREMENT,
  `Type` varchar(10) NOT NULL,
  `Agent_ID` int(11) NOT NULL,
  `Location_Lat` double NOT NULL,
  `Location_Long` double NOT NULL,
  `Expiry` datetime NOT NULL,
  PRIMARY KEY (`ID`)
) ENGINE=MyISAM  DEFAULT CHARSET=latin1 AUTO_INCREMENT=144 ;

--
-- Dumping data for table `Espionage_Actions`
--

INSERT INTO `Espionage_Actions` (`ID`, `Type`, `Agent_ID`, `Location_Lat`, `Location_Long`, `Expiry`) VALUES
(143, 'stakeout', 33, 45.3834541, -75.6976461, '0000-00-00 00:00:00'),
(142, 'stakeout', 33, 45.3834541, -75.6976461, '0000-00-00 00:00:00'),
(140, 'deaddrop', 33, 45.3834541, -75.6976454, '0000-00-00 00:00:00'),
(139, 'stakeout', 33, 45.3834433, -75.6976659, '0000-00-00 00:00:00');

-- --------------------------------------------------------

--
-- Table structure for table `Espionage_BugReports`
--

CREATE TABLE IF NOT EXISTS `Espionage_BugReports` (
  `ID` int(11) NOT NULL AUTO_INCREMENT,
  `Agent_ID` int(11) NOT NULL,
  `BugDescription` text NOT NULL,
  `Timestamp` datetime NOT NULL,
  PRIMARY KEY (`ID`)
) ENGINE=MyISAM  DEFAULT CHARSET=latin1 AUTO_INCREMENT=5 ;

-- --------------------------------------------------------

--
-- Table structure for table `Espionage_Checkins`
--

CREATE TABLE IF NOT EXISTS `Espionage_Checkins` (
  `key` int(11) NOT NULL AUTO_INCREMENT,
  `Agent_ID` int(11) NOT NULL,
  `Location_Lat` double NOT NULL,
  `Location_Long` double NOT NULL,
  `Time` datetime NOT NULL,
  PRIMARY KEY (`key`)
) ENGINE=MyISAM  DEFAULT CHARSET=latin1 AUTO_INCREMENT=891 ;

--
-- Dumping data for table `Espionage_Checkins`
--

INSERT INTO `Espionage_Checkins` (`key`, `Agent_ID`, `Location_Lat`, `Location_Long`, `Time`) VALUES
(632, 32, 45.376152, -75.7055467, '2014-12-09 13:12:16'),
(631, 32, 45.376152, -75.7055467, '2014-12-09 13:11:46'),
(630, 32, 45.376152, -75.7055467, '2014-12-09 13:11:15'),
(629, 32, 45.376152, -75.7055467, '2014-12-09 13:10:45'),
(628, 32, 45.376152, -75.7055467, '2014-12-09 13:10:16'),
(627, 32, 45.376152, -75.7055467, '2014-12-09 13:09:47'),
(626, 32, 45.376152, -75.7055467, '2014-12-09 13:09:16'),
(625, 32, 45.376152, -75.7055467, '2014-12-09 13:08:46'),
(624, 32, 45.376152, -75.7055467, '2014-12-09 13:08:16'),
(623, 32, 45.376152, -75.7055467, '2014-12-09 13:07:46'),
(622, 32, 45.376152, -75.7055467, '2014-12-09 13:07:16'),
(621, 32, 45.376152, -75.7055467, '2014-12-09 13:06:46'),
(620, 32, 45.376152, -75.7055467, '2014-12-09 13:06:16'),
(619, 32, 45.376152, -75.7055467, '2014-12-09 13:05:46'),
(618, 32, 45.376152, -75.7055467, '2014-12-09 13:05:15'),
(617, 32, 45.376152, -75.7055467, '2014-12-09 13:04:48'),
(616, 32, 45.376152, -75.7055467, '2014-12-09 13:04:18'),
(615, 32, 45.376152, -75.7055467, '2014-12-09 13:03:48'),
(614, 32, 45.376152, -75.7055467, '2014-12-09 13:03:17'),
(613, 32, 45.376152, -75.7055467, '2014-12-09 13:02:47'),
(612, 32, 45.376152, -75.7055467, '2014-12-09 13:02:18'),
(611, 32, 45.376152, -75.7055467, '2014-12-09 13:01:48'),
(610, 32, 45.376152, -75.7055467, '2014-12-09 13:01:15'),
(609, 32, 45.376152, -75.7055467, '2014-12-09 13:00:45'),
(608, 32, 45.376152, -75.7055467, '2014-12-09 12:59:49'),
(607, 32, 45.376152, -75.7055467, '2014-12-09 12:58:07'),
(606, 32, 45.376152, -75.7055467, '2014-12-09 12:57:23'),
(605, 32, 45.376152, -75.7055467, '2014-12-09 12:56:25'),
(604, 32, 45.376152, -75.7055467, '2014-12-09 12:55:34'),
(603, 32, 45.376152, -75.7055467, '2014-12-09 12:54:14'),
(602, 32, 45.376152, -75.7055467, '2014-12-09 12:53:32'),
(601, 32, 45.376152, -75.7055467, '2014-12-09 12:53:03'),
(600, 32, 45.376152, -75.7055467, '2014-12-09 12:52:32'),
(599, 32, 45.376152, -75.7055467, '2014-12-09 12:52:02'),
(598, 32, 45.376152, -75.7055467, '2014-12-09 12:51:29'),
(597, 32, 45.376152, -75.7055467, '2014-12-09 12:51:02'),
(596, 32, 45.376152, -75.7055467, '2014-12-09 12:50:32'),
(595, 32, 45.376152, -75.7055467, '2014-12-09 12:50:01'),
(594, 32, 45.376152, -75.7055467, '2014-12-09 12:49:29'),
(593, 32, 45.376152, -75.7055467, '2014-12-09 12:49:03'),
(592, 32, 45.376152, -75.7055467, '2014-12-09 12:48:32'),
(591, 32, 45.376152, -75.7055467, '2014-12-09 12:48:02'),
(590, 32, 45.376152, -75.7055467, '2014-12-09 12:47:29'),
(589, 32, 45.376152, -75.7055467, '2014-12-09 12:47:00'),
(588, 32, 45.376152, -75.7055467, '2014-12-09 12:46:29'),
(587, 32, 45.376152, -75.7055467, '2014-12-09 12:46:02'),
(586, 32, 45.376152, -75.7055467, '2014-12-09 12:45:26'),
(585, 32, 45.376152, -75.7055467, '2014-12-09 12:44:52'),
(584, 32, 45.376152, -75.7055467, '2014-12-09 12:43:30'),
(583, 32, 45.376152, -75.7055467, '2014-12-09 12:42:43'),
(582, 32, 45.376152, -75.7055467, '2014-12-09 12:41:58'),
(581, 32, 45.376152, -75.7055467, '2014-12-09 12:41:13'),
(580, 32, 45.376152, -75.7055467, '2014-12-09 12:40:22'),
(579, 32, 45.376152, -75.7055467, '2014-12-09 12:39:39'),
(578, 32, 45.376152, -75.7055467, '2014-12-09 12:38:05'),
(577, 32, 45.376152, -75.7055467, '2014-12-09 12:37:17'),
(576, 32, 45.376152, -75.7055467, '2014-12-09 12:36:47'),
(575, 32, 45.376152, -75.7055467, '2014-12-09 12:36:19'),
(574, 32, 45.376152, -75.7055467, '2014-12-09 12:35:47'),
(573, 32, 45.376152, -75.7055467, '2014-12-09 12:35:17'),
(572, 32, 45.376152, -75.7055467, '2014-12-09 12:34:47'),
(571, 32, 45.376152, -75.7055467, '2014-12-09 12:34:17'),
(570, 32, 45.376152, -75.7055467, '2014-12-09 12:33:47'),
(569, 32, 45.376152, -75.7055467, '2014-12-09 12:33:16'),
(568, 32, 45.376152, -75.7055467, '2014-12-09 12:32:47'),
(567, 32, 45.376152, -75.7055467, '2014-12-09 12:32:17'),
(566, 32, 45.376152, -75.7055467, '2014-12-09 12:31:47'),
(565, 32, 45.376152, -75.7055467, '2014-12-09 12:31:17'),
(564, 32, 45.376152, -75.7055467, '2014-12-09 12:30:47'),
(563, 32, 45.376152, -75.7055467, '2014-12-09 12:30:17'),
(562, 32, 45.376152, -75.7055467, '2014-12-09 12:29:47'),
(561, 32, 45.376152, -75.7055467, '2014-12-09 12:29:12'),
(560, 32, 45.376152, -75.7055467, '2014-12-09 12:27:52'),
(559, 32, 45.376152, -75.7055467, '2014-12-09 12:26:27'),
(558, 32, 45.376152, -75.7055467, '2014-12-09 12:25:15'),
(557, 32, 45.376152, -75.7055467, '2014-12-09 12:24:46'),
(556, 32, 45.376152, -75.7055467, '2014-12-09 12:24:16'),
(555, 32, 45.376152, -75.7055467, '2014-12-09 12:23:45'),
(554, 32, 45.376152, -75.7055467, '2014-12-09 12:23:16'),
(553, 32, 45.376152, -75.7055467, '2014-12-09 12:22:48'),
(552, 32, 45.376152, -75.7055467, '2014-12-09 12:22:16'),
(551, 32, 45.376152, -75.7055467, '2014-12-09 12:21:46'),
(550, 32, 45.376152, -75.7055467, '2014-12-09 12:21:15'),
(549, 32, 45.376152, -75.7055467, '2014-12-09 12:20:43'),
(548, 32, 45.376152, -75.7055467, '2014-12-09 12:20:16'),
(547, 32, 45.376152, -75.7055467, '2014-12-09 12:19:46'),
(546, 32, 45.376152, -75.7055467, '2014-12-09 12:19:16'),
(545, 32, 45.376152, -75.7055467, '2014-12-09 12:18:46'),
(544, 32, 45.376152, -75.7055467, '2014-12-09 12:18:17'),
(543, 32, 45.376152, -75.7055467, '2014-12-09 12:17:45'),
(542, 32, 45.376152, -75.7055467, '2014-12-09 12:17:15'),
(541, 32, 45.376152, -75.7055467, '2014-12-09 12:16:30'),
(540, 32, 45.376152, -75.7055467, '2014-12-09 12:15:24'),
(539, 32, 45.376152, -75.7055467, '2014-12-09 12:14:22'),
(538, 32, 45.376152, -75.7055467, '2014-12-09 12:12:31'),
(537, 32, 45.376152, -75.7055467, '2014-12-09 12:11:11'),
(536, 32, 45.376152, -75.7055467, '2014-12-09 12:10:18'),
(535, 32, 45.376152, -75.7055467, '2014-12-09 12:09:22'),
(534, 32, 45.376152, -75.7055467, '2014-12-09 12:08:48'),
(533, 32, 45.376152, -75.7055467, '2014-12-09 12:08:17'),
(532, 32, 45.376152, -75.7055467, '2014-12-09 12:07:48'),
(531, 32, 45.376152, -75.7055467, '2014-12-09 12:07:18'),
(530, 32, 45.376152, -75.7055467, '2014-12-09 12:06:47'),
(529, 32, 45.376152, -75.7055467, '2014-12-09 12:06:18'),
(528, 32, 45.376152, -75.7055467, '2014-12-09 12:05:48'),
(527, 32, 45.376152, -75.7055467, '2014-12-09 12:05:15'),
(526, 32, 45.376152, -75.7055467, '2014-12-09 12:04:48'),
(525, 32, 45.376152, -75.7055467, '2014-12-09 12:04:17'),
(524, 32, 45.376152, -75.7055467, '2014-12-09 12:03:48'),
(523, 32, 45.376152, -75.7055467, '2014-12-09 12:03:18'),
(522, 32, 45.376152, -75.7055467, '2014-12-09 12:02:48'),
(521, 32, 45.376152, -75.7055467, '2014-12-09 12:02:17'),
(520, 32, 45.376152, -75.7055467, '2014-12-09 12:01:47'),
(519, 32, 45.376152, -75.7055467, '2014-12-09 12:01:15'),
(518, 32, 45.376152, -75.7055467, '2014-12-09 12:00:21'),
(517, 32, 45.376152, -75.7055467, '2014-12-09 11:59:09'),
(516, 32, 45.376152, -75.7055467, '2014-12-09 11:57:29'),
(515, 32, 45.376152, -75.7055467, '2014-12-09 11:56:58'),
(514, 32, 45.376152, -75.7055467, '2014-12-09 11:56:25'),
(513, 32, 45.376152, -75.7055467, '2014-12-09 11:55:58'),
(512, 32, 45.376152, -75.7055467, '2014-12-09 11:55:28'),
(511, 32, 45.376152, -75.7055467, '2014-12-09 11:54:58'),
(510, 32, 45.376152, -75.7055467, '2014-12-09 11:54:29'),
(509, 32, 45.376152, -75.7055467, '2014-12-09 11:53:58'),
(508, 32, 45.376152, -75.7055467, '2014-12-09 11:53:28'),
(507, 32, 45.376152, -75.7055467, '2014-12-09 11:52:59'),
(506, 32, 45.376152, -75.7055467, '2014-12-09 11:52:27'),
(505, 32, 45.376152, -75.7055467, '2014-12-09 11:51:58'),
(504, 32, 45.376152, -75.7055467, '2014-12-09 11:51:28'),
(503, 32, 45.376152, -75.7055467, '2014-12-09 11:50:55'),
(502, 32, 45.376152, -75.7055467, '2014-12-09 11:50:28'),
(501, 32, 45.376152, -75.7055467, '2014-12-09 11:49:56'),
(500, 32, 45.376152, -75.7055467, '2014-12-09 11:49:27'),
(499, 32, 45.376152, -75.7055467, '2014-12-09 11:47:27'),
(498, 32, 45.376152, -75.7055467, '2014-12-09 11:46:57'),
(497, 32, 45.3636034, -75.7101718, '2014-12-09 11:46:31'),
(496, 32, 45.376152, -75.7055467, '2014-12-09 11:45:58'),
(495, 32, 45.376152, -75.7055467, '2014-12-09 11:45:27'),
(494, 32, 45.3813975, -75.6929529, '2014-12-09 11:44:58'),
(493, 32, 45.3899736, -75.6916301, '2014-12-09 11:44:27'),
(492, 32, 45.3899736, -75.6916301, '2014-12-09 11:43:57'),
(491, 32, 45.386643, -75.680359, '2014-12-09 11:43:27'),
(490, 32, 45.386643, -75.680359, '2014-12-09 11:42:57'),
(489, 32, 45.386643, -75.680359, '2014-12-09 11:42:27'),
(488, 32, 45.386643, -75.680359, '2014-12-09 11:41:57'),
(487, 32, 45.386643, -75.680359, '2014-12-09 11:41:27'),
(486, 32, 45.386643, -75.680359, '2014-12-09 11:40:57'),
(485, 32, 45.386643, -75.680359, '2014-12-09 11:40:28'),
(484, 32, 45.386643, -75.680359, '2014-12-09 11:39:58'),
(483, 32, 45.386643, -75.680359, '2014-12-09 11:39:30'),
(482, 32, 45.386643, -75.680359, '2014-12-09 11:38:57'),
(481, 32, 45.386643, -75.680359, '2014-12-09 11:38:27'),
(480, 32, 45.386643, -75.680359, '2014-12-09 11:38:00'),
(479, 32, 45.386643, -75.680359, '2014-12-09 11:37:27'),
(478, 32, 45.386643, -75.680359, '2014-12-09 11:37:03'),
(477, 32, 45.386643, -75.680359, '2014-12-09 11:36:27'),
(476, 34, 45.4735952, -75.5456229, '2014-12-08 20:17:09'),
(475, 34, 45.4735948, -75.5456234, '2014-12-08 20:16:58'),
(474, 34, 45.4735947, -75.5456233, '2014-12-08 20:16:38'),
(473, 34, 45.4735957, -75.5456233, '2014-12-08 20:16:27'),
(472, 34, 45.4735976, -75.5456231, '2014-12-08 20:16:08'),
(471, 34, 45.4733927, -75.5456765, '2014-12-08 20:15:56'),
(470, 34, 45.4733929, -75.5456755, '2014-12-08 20:15:39'),
(469, 34, 45.4733927, -75.5456764, '2014-12-08 20:15:26'),
(468, 34, 45.473391, -75.5456754, '2014-12-08 20:15:08'),
(467, 34, 45.4733917, -75.5456752, '2014-12-08 20:14:57'),
(466, 34, 45.4733902, -75.5456766, '2014-12-08 20:14:38'),
(465, 34, 45.4733926, -75.5456789, '2014-12-08 20:14:26'),
(464, 34, 45.473386, -75.5456806, '2014-12-08 20:14:10'),
(463, 34, 45.4733832, -75.5456667, '2014-12-08 20:13:56'),
(462, 34, 45.4733836, -75.5456658, '2014-12-08 20:13:38'),
(461, 34, 45.4733936, -75.5456715, '2014-12-08 20:13:28'),
(460, 34, 45.4734027, -75.5456729, '2014-12-08 20:13:08'),
(459, 34, 45.4733979, -75.5456723, '2014-12-08 20:12:56'),
(458, 34, 45.4733922, -75.5456963, '2014-12-08 20:12:40'),
(457, 34, 45.4733919, -75.5456902, '2014-12-08 20:12:28'),
(456, 33, 45.383498, -75.6977011, '2014-12-08 11:57:37'),
(455, 33, 45.383498, -75.6977011, '2014-12-08 11:57:36'),
(454, 33, 45.3834672, -75.6976638, '2014-12-08 11:57:16'),
(453, 33, 45.3834677, -75.6975228, '2014-12-08 11:56:47'),
(452, 33, 45.3834666, -75.6975469, '2014-12-08 11:56:17'),
(451, 33, 45.3834613, -75.6975642, '2014-12-08 11:55:46'),
(450, 33, 45.3834539, -75.6976445, '2014-12-08 11:55:16'),
(449, 20, 45.3834561, -75.6976904, '2014-12-08 11:54:59'),
(448, 33, 45.3834528, -75.69764, '2014-12-08 11:54:46'),
(447, 20, 45.3834554, -75.6976896, '2014-12-08 11:54:29'),
(446, 33, 45.3834533, -75.6976528, '2014-12-08 11:54:16'),
(445, 20, 45.3834546, -75.6976894, '2014-12-08 11:53:59'),
(444, 33, 45.3834423, -75.6976665, '2014-12-08 11:53:46'),
(443, 20, 45.383453, -75.6976882, '2014-12-08 11:53:29'),
(442, 33, 45.383456, -75.6976737, '2014-12-08 11:53:16'),
(441, 20, 45.3834522, -75.697688, '2014-12-08 11:52:59'),
(440, 33, 45.3834547, -75.697671, '2014-12-08 11:52:46'),
(439, 20, 45.3834518, -75.6976875, '2014-12-08 11:52:29'),
(438, 33, 45.3834366, -75.6976704, '2014-12-08 11:52:16'),
(437, 20, 45.3834504, -75.6976858, '2014-12-08 11:51:59'),
(436, 33, 45.3834622, -75.6976744, '2014-12-08 11:51:46'),
(435, 20, 45.3834495, -75.6976851, '2014-12-08 11:51:29'),
(434, 33, 45.3834706, -75.6976751, '2014-12-08 11:51:16'),
(433, 20, 45.3834481, -75.6976845, '2014-12-08 11:50:59'),
(432, 33, 45.3834614, -75.6976719, '2014-12-08 11:50:46'),
(431, 20, 45.3834465, -75.6976829, '2014-12-08 11:50:29'),
(430, 33, 45.3834615, -75.6976741, '2014-12-08 11:50:16'),
(429, 20, 45.3834454, -75.6976851, '2014-12-08 11:49:59'),
(428, 33, 45.383463, -75.6976724, '2014-12-08 11:49:46'),
(427, 20, 45.3834447, -75.6976851, '2014-12-08 11:49:29'),
(426, 33, 45.3834625, -75.6976706, '2014-12-08 11:49:16'),
(425, 20, 45.3834453, -75.697686, '2014-12-08 11:48:59'),
(424, 33, 45.3834647, -75.6976671, '2014-12-08 11:48:46'),
(423, 20, 45.3834427, -75.6976833, '2014-12-08 11:48:29'),
(422, 33, 45.38347, -75.6976701, '2014-12-08 11:48:16'),
(421, 20, 45.3834437, -75.6976839, '2014-12-08 11:47:59'),
(420, 33, 45.3834771, -75.6976669, '2014-12-08 11:47:46'),
(419, 20, 45.3834372, -75.6976852, '2014-12-08 11:47:29'),
(418, 33, 45.3834763, -75.6976639, '2014-12-08 11:47:16'),
(417, 20, 45.3834488, -75.6976898, '2014-12-08 11:47:00'),
(416, 33, 45.3834682, -75.6976753, '2014-12-08 11:46:46'),
(415, 20, 45.3834516, -75.6976937, '2014-12-08 11:46:29'),
(414, 33, 45.3834667, -75.6976749, '2014-12-08 11:46:16'),
(413, 20, 45.3834541, -75.6976944, '2014-12-08 11:45:59'),
(412, 33, 45.3834652, -75.6976726, '2014-12-08 11:45:47'),
(411, 20, 45.3834547, -75.6976944, '2014-12-08 11:45:29'),
(410, 33, 45.3834599, -75.6976687, '2014-12-08 11:45:16'),
(409, 20, 45.3834543, -75.6976946, '2014-12-08 11:44:59'),
(408, 33, 45.383459, -75.6976705, '2014-12-08 11:44:46'),
(407, 20, 45.3834543, -75.6976946, '2014-12-08 11:44:29'),
(406, 33, 45.3834543, -75.6976682, '2014-12-08 11:44:16'),
(405, 20, 45.3834544, -75.6976947, '2014-12-08 11:43:59'),
(404, 33, 45.3834565, -75.6976683, '2014-12-08 11:43:46'),
(403, 20, 45.3834545, -75.6976947, '2014-12-08 11:43:29'),
(402, 33, 45.3834628, -75.6976802, '2014-12-08 11:43:16'),
(401, 20, 45.3834545, -75.6976948, '2014-12-08 11:42:59'),
(400, 33, 45.3834671, -75.6976887, '2014-12-08 11:42:46'),
(399, 20, 45.3834547, -75.6976949, '2014-12-08 11:42:29'),
(398, 20, 45.3834548, -75.697695, '2014-12-08 11:41:59'),
(397, 20, 45.3834549, -75.6976952, '2014-12-08 11:41:29'),
(396, 20, 45.383455, -75.6976952, '2014-12-08 11:40:59'),
(395, 20, 45.3834551, -75.6976952, '2014-12-08 11:40:29'),
(394, 20, 45.3834552, -75.6976952, '2014-12-08 11:39:59'),
(393, 20, 45.3834553, -75.6976954, '2014-12-08 11:39:29'),
(392, 20, 45.3834553, -75.6976955, '2014-12-08 11:38:59'),
(391, 20, 45.3834554, -75.6976956, '2014-12-08 11:38:29'),
(390, 20, 45.3834554, -75.6976955, '2014-12-08 11:37:59'),
(389, 20, 45.3834552, -75.6976953, '2014-12-08 11:37:29'),
(388, 20, 45.3834553, -75.6976953, '2014-12-08 11:36:59'),
(387, 20, 45.3834554, -75.6976953, '2014-12-08 11:36:29'),
(386, 20, 45.3834555, -75.6976954, '2014-12-08 11:35:59'),
(385, 20, 45.3834554, -75.6976952, '2014-12-08 11:35:29'),
(384, 20, 45.3834551, -75.697695, '2014-12-08 11:34:59'),
(383, 20, 45.3834552, -75.6976947, '2014-12-08 11:34:29'),
(382, 20, 45.3834553, -75.6976948, '2014-12-08 11:33:59'),
(381, 20, 45.3834553, -75.6976949, '2014-12-08 11:33:29'),
(380, 20, 45.3834552, -75.6976948, '2014-12-08 11:32:59'),
(379, 20, 45.3834553, -75.6976948, '2014-12-08 11:32:29'),
(378, 20, 45.3834553, -75.697695, '2014-12-08 11:31:59'),
(377, 20, 45.3834555, -75.6976952, '2014-12-08 11:31:29'),
(376, 20, 45.3834553, -75.697695, '2014-12-08 11:30:59'),
(375, 20, 45.3834553, -75.6976952, '2014-12-08 11:30:29'),
(374, 20, 45.3834554, -75.6976953, '2014-12-08 11:29:59'),
(373, 20, 45.3834553, -75.6976952, '2014-12-08 11:29:29'),
(372, 20, 45.3834551, -75.6976951, '2014-12-08 11:28:59'),
(371, 20, 45.3834548, -75.6976952, '2014-12-08 11:28:29'),
(370, 31, 45.3834804, -75.6976828, '2014-12-08 11:28:27'),
(369, 20, 45.3834547, -75.6976951, '2014-12-08 11:27:59'),
(368, 20, 45.3834545, -75.6976951, '2014-12-08 11:27:29'),
(367, 20, 45.3834544, -75.6976953, '2014-12-08 11:26:59'),
(366, 31, 45.3834769, -75.6976829, '2014-12-08 11:26:46'),
(365, 20, 45.3834545, -75.6976954, '2014-12-08 11:26:29'),
(364, 20, 45.3834546, -75.6976958, '2014-12-08 11:25:59'),
(363, 20, 45.3834547, -75.697696, '2014-12-08 11:25:29'),
(362, 20, 45.3834549, -75.6976965, '2014-12-08 11:24:59'),
(361, 20, 45.3834545, -75.6976963, '2014-12-08 11:24:29'),
(360, 20, 45.3834541, -75.6976959, '2014-12-08 11:23:59'),
(359, 20, 45.3834544, -75.6976963, '2014-12-08 11:23:29'),
(358, 20, 45.3834544, -75.6976966, '2014-12-08 11:22:59'),
(357, 32, 45.376152, -75.7055467, '2014-12-08 11:22:48'),
(356, 20, 45.3834548, -75.6976969, '2014-12-08 11:22:29'),
(355, 32, 45.376152, -75.7055467, '2014-12-08 11:22:16'),
(354, 20, 45.3834549, -75.6976972, '2014-12-08 11:21:59'),
(353, 32, 45.376152, -75.7055467, '2014-12-08 11:21:46'),
(352, 20, 45.3834549, -75.697697, '2014-12-08 11:21:29'),
(351, 20, 45.3834547, -75.697697, '2014-12-08 11:20:59'),
(350, 20, 45.3834547, -75.6976968, '2014-12-08 11:20:29'),
(349, 20, 45.3834547, -75.6976968, '2014-12-08 11:19:59'),
(348, 20, 45.3834545, -75.697697, '2014-12-08 11:19:29'),
(347, 20, 45.3834539, -75.6976966, '2014-12-08 11:18:59'),
(346, 20, 45.3834538, -75.697697, '2014-12-08 11:18:29'),
(345, 20, 45.3834537, -75.6976969, '2014-12-08 11:17:59'),
(344, 20, 45.3834536, -75.6976968, '2014-12-08 11:17:29'),
(343, 20, 45.383454, -75.6976969, '2014-12-08 11:16:59'),
(342, 20, 45.3834542, -75.6976972, '2014-12-08 11:16:29'),
(341, 20, 45.3834549, -75.697698, '2014-12-08 11:15:59'),
(340, 20, 45.3834555, -75.6976982, '2014-12-08 11:15:29'),
(339, 20, 45.383456, -75.6976981, '2014-12-08 11:14:59'),
(338, 20, 45.3834565, -75.6976985, '2014-12-08 11:14:29'),
(337, 20, 45.3834565, -75.6976985, '2014-12-08 11:13:59'),
(336, 20, 45.3834564, -75.6976986, '2014-12-08 11:13:29'),
(335, 20, 45.3834568, -75.6976993, '2014-12-08 11:12:59'),
(334, 20, 45.3834572, -75.6976998, '2014-12-08 11:12:29'),
(333, 20, 45.3834569, -75.6976998, '2014-12-08 11:11:59'),
(332, 20, 45.3834572, -75.6977001, '2014-12-08 11:11:29'),
(331, 20, 45.3834566, -75.6977002, '2014-12-08 11:10:59'),
(330, 20, 45.3834572, -75.6977007, '2014-12-08 11:10:29'),
(329, 20, 45.3834571, -75.6977005, '2014-12-08 11:09:59'),
(328, 20, 45.3834578, -75.6977007, '2014-12-08 11:09:29'),
(327, 20, 45.383457, -75.6977001, '2014-12-08 11:08:59'),
(326, 20, 45.3834567, -75.6976997, '2014-12-08 11:08:29'),
(325, 20, 45.3834567, -75.6976999, '2014-12-08 11:07:59'),
(324, 20, 45.3834573, -75.6977008, '2014-12-08 11:07:29'),
(323, 20, 45.3834582, -75.6977013, '2014-12-08 11:06:59'),
(322, 20, 45.3834616, -75.6977026, '2014-12-08 11:06:29'),
(321, 20, 45.3834742, -75.6977106, '2014-12-08 11:05:59'),
(320, 20, 45.3834845, -75.697719, '2014-12-08 11:05:29'),
(319, 20, 45.3834717, -75.6977081, '2014-12-08 11:04:59'),
(318, 20, 45.3834697, -75.6977075, '2014-12-08 11:04:29'),
(317, 20, 45.3834678, -75.6977085, '2014-12-08 11:03:59'),
(633, 32, 45.376152, -75.7055467, '2014-12-09 13:12:46'),
(634, 32, 45.376152, -75.7055467, '2014-12-09 13:12:48'),
(635, 32, 45.376152, -75.7055467, '2014-12-09 13:13:16'),
(636, 32, 45.376152, -75.7055467, '2014-12-09 13:13:46'),
(637, 32, 45.376152, -75.7055467, '2014-12-09 13:14:45'),
(638, 32, 45.376152, -75.7055467, '2014-12-09 13:15:15'),
(639, 32, 45.376152, -75.7055467, '2014-12-09 13:15:45'),
(640, 32, 45.376152, -75.7055467, '2014-12-09 13:16:16'),
(641, 32, 45.376152, -75.7055467, '2014-12-09 13:16:47'),
(642, 32, 45.376152, -75.7055467, '2014-12-09 13:17:15'),
(643, 32, 45.376152, -75.7055467, '2014-12-09 13:17:46'),
(644, 32, 45.376152, -75.7055467, '2014-12-09 13:18:16'),
(645, 32, 45.376152, -75.7055467, '2014-12-09 13:18:46'),
(646, 32, 45.376152, -75.7055467, '2014-12-09 13:19:16'),
(647, 32, 45.376152, -75.7055467, '2014-12-09 13:19:46'),
(648, 32, 45.376152, -75.7055467, '2014-12-09 13:20:16'),
(649, 32, 45.376152, -75.7055467, '2014-12-09 13:20:47'),
(650, 32, 45.376152, -75.7055467, '2014-12-09 13:21:16'),
(651, 32, 45.376152, -75.7055467, '2014-12-09 13:21:46'),
(652, 32, 45.376152, -75.7055467, '2014-12-09 13:22:16'),
(653, 32, 45.376152, -75.7055467, '2014-12-09 13:22:46'),
(654, 32, 45.376152, -75.7055467, '2014-12-09 13:23:56'),
(655, 32, 45.376152, -75.7055467, '2014-12-09 13:24:24'),
(656, 32, 45.376152, -75.7055467, '2014-12-09 13:24:54'),
(657, 32, 45.376152, -75.7055467, '2014-12-09 13:25:23'),
(658, 32, 45.376152, -75.7055467, '2014-12-09 13:25:53'),
(659, 32, 45.376152, -75.7055467, '2014-12-09 13:26:24'),
(660, 32, 45.376152, -75.7055467, '2014-12-09 13:26:53'),
(661, 32, 45.376152, -75.7055467, '2014-12-09 13:27:23'),
(662, 32, 45.376152, -75.7055467, '2014-12-09 13:27:54'),
(663, 32, 45.376152, -75.7055467, '2014-12-09 13:28:23'),
(664, 32, 45.376152, -75.7055467, '2014-12-09 13:28:53'),
(665, 32, 45.376152, -75.7055467, '2014-12-09 13:29:23'),
(666, 32, 45.376152, -75.7055467, '2014-12-09 13:29:53'),
(667, 32, 45.376152, -75.7055467, '2014-12-09 13:30:23'),
(668, 32, 45.376152, -75.7055467, '2014-12-09 13:30:54'),
(669, 32, 45.376152, -75.7055467, '2014-12-09 13:31:23'),
(670, 32, 45.376152, -75.7055467, '2014-12-09 13:31:53'),
(671, 32, 45.376152, -75.7055467, '2014-12-09 13:32:52'),
(672, 32, 45.376152, -75.7055467, '2014-12-09 13:34:22'),
(673, 32, 45.376152, -75.7055467, '2014-12-09 13:36:22'),
(674, 32, 45.376152, -75.7055467, '2014-12-09 13:37:52'),
(675, 32, 45.376152, -75.7055467, '2014-12-09 13:38:35'),
(676, 32, 45.376152, -75.7055467, '2014-12-09 13:39:05'),
(677, 32, 45.376152, -75.7055467, '2014-12-09 13:39:35'),
(678, 32, 45.376152, -75.7055467, '2014-12-09 13:40:05'),
(679, 32, 45.376152, -75.7055467, '2014-12-09 13:40:35'),
(680, 32, 45.376152, -75.7055467, '2014-12-09 13:41:05'),
(681, 32, 45.376152, -75.7055467, '2014-12-09 13:41:35'),
(682, 32, 45.376152, -75.7055467, '2014-12-09 13:42:05'),
(683, 32, 45.376152, -75.7055467, '2014-12-09 13:42:35'),
(684, 32, 45.376152, -75.7055467, '2014-12-09 13:43:05'),
(685, 32, 45.376152, -75.7055467, '2014-12-09 13:43:35'),
(686, 32, 45.376152, -75.7055467, '2014-12-09 13:44:05'),
(687, 32, 45.376152, -75.7055467, '2014-12-09 13:44:35'),
(688, 32, 45.376152, -75.7055467, '2014-12-09 13:45:05'),
(689, 32, 45.376152, -75.7055467, '2014-12-09 13:45:35'),
(690, 32, 45.376152, -75.7055467, '2014-12-09 13:46:05'),
(691, 32, 45.376152, -75.7055467, '2014-12-09 13:46:43'),
(692, 32, 45.376152, -75.7055467, '2014-12-09 13:47:34'),
(693, 32, 45.376152, -75.7055467, '2014-12-09 13:48:03'),
(694, 32, 45.376152, -75.7055467, '2014-12-09 13:48:33'),
(695, 32, 45.376152, -75.7055467, '2014-12-09 13:49:03'),
(696, 32, 45.376152, -75.7055467, '2014-12-09 13:49:34'),
(697, 32, 45.376152, -75.7055467, '2014-12-09 13:50:04'),
(698, 32, 45.376152, -75.7055467, '2014-12-09 13:50:34'),
(699, 32, 45.376152, -75.7055467, '2014-12-09 13:51:04'),
(700, 32, 45.376152, -75.7055467, '2014-12-09 13:51:33'),
(701, 32, 45.376152, -75.7055467, '2014-12-09 13:52:03'),
(702, 32, 45.376152, -75.7055467, '2014-12-09 13:52:33'),
(703, 32, 45.376152, -75.7055467, '2014-12-09 13:53:04'),
(704, 32, 45.376152, -75.7055467, '2014-12-09 13:53:33'),
(705, 32, 45.376152, -75.7055467, '2014-12-09 13:54:04'),
(706, 32, 45.376152, -75.7055467, '2014-12-09 13:54:33'),
(707, 32, 45.376152, -75.7055467, '2014-12-09 13:55:03'),
(708, 32, 45.376152, -75.7055467, '2014-12-09 13:55:33'),
(709, 32, 45.376152, -75.7055467, '2014-12-09 13:56:48'),
(710, 32, 45.376152, -75.7055467, '2014-12-09 13:57:18'),
(711, 32, 45.376152, -75.7055467, '2014-12-09 13:57:48'),
(712, 32, 45.376152, -75.7055467, '2014-12-09 13:58:18'),
(713, 32, 45.376152, -75.7055467, '2014-12-09 13:58:48'),
(714, 32, 45.376152, -75.7055467, '2014-12-09 13:59:18'),
(715, 32, 45.376152, -75.7055467, '2014-12-09 13:59:48'),
(716, 32, 45.3635954, -75.7101837, '2014-12-09 14:00:17'),
(717, 32, 45.376152, -75.7055467, '2014-12-09 14:00:48'),
(718, 32, 45.376152, -75.7055467, '2014-12-09 14:01:21'),
(719, 32, 45.376152, -75.7055467, '2014-12-09 14:01:48'),
(720, 32, 45.376152, -75.7055467, '2014-12-09 14:02:18'),
(721, 32, 45.376152, -75.7055467, '2014-12-09 14:02:48'),
(722, 32, 45.3636107, -75.7101623, '2014-12-09 14:03:20'),
(723, 32, 45.376152, -75.7055467, '2014-12-09 14:03:50'),
(724, 32, 45.3636153, -75.7101582, '2014-12-09 14:04:21'),
(725, 32, 45.376152, -75.7055467, '2014-12-09 14:04:48'),
(726, 32, 45.376152, -75.7055467, '2014-12-09 14:05:18'),
(727, 32, 45.376152, -75.7055467, '2014-12-09 14:05:48'),
(728, 32, 45.376152, -75.7055467, '2014-12-09 14:06:18'),
(729, 32, 45.376152, -75.7055467, '2014-12-09 14:06:48'),
(730, 32, 45.3636182, -75.7101517, '2014-12-09 14:07:17'),
(731, 32, 45.376152, -75.7055467, '2014-12-09 14:07:54'),
(732, 32, 45.3636285, -75.7101472, '2014-12-09 14:08:22'),
(733, 32, 45.3636374, -75.7101385, '2014-12-09 14:08:55'),
(734, 32, 45.376152, -75.7055467, '2014-12-09 14:09:22'),
(735, 32, 45.376152, -75.7055467, '2014-12-09 14:09:52'),
(736, 32, 45.376152, -75.7055467, '2014-12-09 14:10:22'),
(737, 32, 45.376152, -75.7055467, '2014-12-09 14:10:52'),
(738, 32, 45.376152, -75.7055467, '2014-12-09 14:11:21'),
(739, 32, 45.376152, -75.7055467, '2014-12-09 14:11:52'),
(740, 32, 45.376152, -75.7055467, '2014-12-09 14:12:22'),
(741, 32, 45.376152, -75.7055467, '2014-12-09 14:12:52'),
(742, 32, 45.376152, -75.7055467, '2014-12-09 14:13:22'),
(743, 32, 45.3636615, -75.710122, '2014-12-09 14:13:52'),
(744, 32, 45.376152, -75.7055467, '2014-12-09 14:14:24'),
(745, 32, 45.376152, -75.7055467, '2014-12-09 14:14:52'),
(746, 32, 45.376152, -75.7055467, '2014-12-09 14:15:25'),
(747, 32, 45.376152, -75.7055467, '2014-12-09 14:15:55'),
(748, 32, 45.376152, -75.7055467, '2014-12-09 14:16:22'),
(749, 32, 45.376152, -75.7055467, '2014-12-09 14:16:54'),
(750, 32, 45.376152, -75.7055467, '2014-12-09 14:17:24'),
(751, 32, 45.376152, -75.7055467, '2014-12-09 14:17:54'),
(752, 32, 45.376152, -75.7055467, '2014-12-09 14:18:24'),
(753, 32, 45.376152, -75.7055467, '2014-12-09 14:18:55'),
(754, 32, 45.376152, -75.7055467, '2014-12-09 14:19:22'),
(755, 32, 45.376152, -75.7055467, '2014-12-09 14:19:55'),
(756, 32, 45.376152, -75.7055467, '2014-12-09 14:20:24'),
(757, 32, 45.376152, -75.7055467, '2014-12-09 14:20:55'),
(758, 32, 45.376152, -75.7055467, '2014-12-09 14:21:25'),
(759, 32, 45.376152, -75.7055467, '2014-12-09 14:21:55'),
(760, 32, 45.376152, -75.7055467, '2014-12-09 14:22:24'),
(761, 32, 45.376152, -75.7055467, '2014-12-09 14:23:12'),
(762, 32, 45.376152, -75.7055467, '2014-12-09 14:24:19'),
(763, 32, 45.376152, -75.7055467, '2014-12-09 14:25:55'),
(764, 32, 45.376152, -75.7055467, '2014-12-09 14:26:44'),
(765, 32, 45.376152, -75.7055467, '2014-12-09 14:28:25'),
(766, 32, 45.376152, -75.7055467, '2014-12-09 14:29:29'),
(767, 32, 45.376152, -75.7055467, '2014-12-09 14:29:59'),
(768, 32, 45.376152, -75.7055467, '2014-12-09 14:30:29'),
(769, 32, 45.376152, -75.7055467, '2014-12-09 14:30:59'),
(770, 32, 45.376152, -75.7055467, '2014-12-09 14:31:29'),
(771, 32, 45.376152, -75.7055467, '2014-12-09 14:31:59'),
(772, 32, 45.376152, -75.7055467, '2014-12-09 14:32:29'),
(773, 32, 45.376152, -75.7055467, '2014-12-09 14:32:59'),
(774, 32, 45.376152, -75.7055467, '2014-12-09 14:33:29'),
(775, 32, 45.376152, -75.7055467, '2014-12-09 14:33:59'),
(776, 32, 45.376152, -75.7055467, '2014-12-09 14:34:29'),
(777, 32, 45.376152, -75.7055467, '2014-12-09 14:34:59'),
(778, 32, 45.376152, -75.7055467, '2014-12-09 14:35:29'),
(779, 32, 45.376152, -75.7055467, '2014-12-09 14:35:59'),
(780, 32, 45.376152, -75.7055467, '2014-12-09 14:36:29'),
(781, 32, 45.376152, -75.7055467, '2014-12-09 14:36:59'),
(782, 32, 45.376152, -75.7055467, '2014-12-09 14:37:29'),
(783, 32, 45.376152, -75.7055467, '2014-12-09 14:38:00'),
(784, 32, 45.376152, -75.7055467, '2014-12-09 14:38:29'),
(785, 32, 45.376152, -75.7055467, '2014-12-09 14:38:59'),
(786, 32, 45.376152, -75.7055467, '2014-12-09 14:39:29'),
(787, 32, 45.376152, -75.7055467, '2014-12-09 14:39:59'),
(788, 32, 45.376152, -75.7055467, '2014-12-09 14:40:29'),
(789, 32, 45.376152, -75.7055467, '2014-12-09 14:40:59'),
(790, 32, 45.376152, -75.7055467, '2014-12-09 14:41:27'),
(791, 32, 45.376152, -75.7055467, '2014-12-09 14:41:59'),
(792, 32, 45.376152, -75.7055467, '2014-12-09 14:42:29'),
(793, 32, 45.3636585, -75.7101077, '2014-12-09 14:43:03'),
(794, 32, 45.376152, -75.7055467, '2014-12-09 14:43:31'),
(795, 32, 45.376152, -75.7055467, '2014-12-09 14:44:00'),
(796, 32, 45.376152, -75.7055467, '2014-12-09 14:44:33'),
(797, 32, 45.376152, -75.7055467, '2014-12-09 14:45:04'),
(798, 32, 45.376152, -75.7055467, '2014-12-09 14:45:30'),
(799, 32, 45.376152, -75.7055467, '2014-12-09 14:46:03'),
(800, 32, 45.376152, -75.7055467, '2014-12-09 14:46:33'),
(801, 32, 45.376152, -75.7055467, '2014-12-09 14:47:03'),
(802, 32, 45.376152, -75.7055467, '2014-12-09 14:47:33'),
(803, 32, 45.376152, -75.7055467, '2014-12-09 14:48:03'),
(804, 32, 45.376152, -75.7055467, '2014-12-09 14:48:33'),
(805, 32, 45.376152, -75.7055467, '2014-12-09 14:49:05'),
(806, 32, 45.376152, -75.7055467, '2014-12-09 14:49:33'),
(807, 32, 45.376152, -75.7055467, '2014-12-09 14:50:03'),
(808, 32, 45.376152, -75.7055467, '2014-12-09 14:50:33'),
(809, 32, 45.376152, -75.7055467, '2014-12-09 14:51:03'),
(810, 32, 45.376152, -75.7055467, '2014-12-09 14:51:33'),
(811, 32, 45.376152, -75.7055467, '2014-12-09 14:52:03'),
(812, 32, 45.376152, -75.7055467, '2014-12-09 14:52:33'),
(813, 32, 45.376152, -75.7055467, '2014-12-09 14:53:03'),
(814, 32, 45.376152, -75.7055467, '2014-12-09 14:53:33'),
(815, 32, 45.376152, -75.7055467, '2014-12-09 14:54:03'),
(816, 32, 45.376152, -75.7055467, '2014-12-09 14:54:33'),
(817, 32, 45.376152, -75.7055467, '2014-12-09 14:55:03'),
(818, 32, 45.376152, -75.7055467, '2014-12-09 14:55:33'),
(819, 32, 45.3636563, -75.7101082, '2014-12-09 14:56:01'),
(820, 32, 45.3762114, -75.7060123, '2014-12-10 13:07:00'),
(821, 32, 45.3762114, -75.7060123, '2014-12-10 13:07:23'),
(822, 32, 45.3762114, -75.7060123, '2014-12-10 13:07:53'),
(823, 32, 45.3762114, -75.7060123, '2014-12-10 13:08:23'),
(824, 32, 45.3762114, -75.7060123, '2014-12-10 13:08:53'),
(825, 32, 45.3762114, -75.7060123, '2014-12-10 13:09:23'),
(826, 32, 45.3762114, -75.7060123, '2014-12-10 13:09:53'),
(827, 32, 45.3762114, -75.7060123, '2014-12-10 13:10:23'),
(828, 32, 45.3762114, -75.7060123, '2014-12-10 13:10:53'),
(829, 32, 45.3762114, -75.7060123, '2014-12-10 13:11:23'),
(830, 32, 45.3762114, -75.7060123, '2014-12-10 13:11:54'),
(831, 32, 45.3762114, -75.7060123, '2014-12-10 13:12:25'),
(832, 32, 45.3762114, -75.7060123, '2014-12-10 13:12:52'),
(833, 32, 45.3762114, -75.7060123, '2014-12-10 13:13:27'),
(834, 32, 45.3762114, -75.7060123, '2014-12-10 13:13:55'),
(835, 32, 45.3762114, -75.7060123, '2014-12-10 13:14:25'),
(836, 32, 45.3762114, -75.7060123, '2014-12-10 13:14:55'),
(837, 32, 45.3762114, -75.7060123, '2014-12-10 13:15:25'),
(838, 32, 45.3762114, -75.7060123, '2014-12-10 13:15:55'),
(839, 32, 45.3762114, -75.7060123, '2014-12-10 13:16:25'),
(840, 32, 45.3762114, -75.7060123, '2014-12-10 13:16:52'),
(841, 32, 45.3762114, -75.7060123, '2014-12-10 13:17:25'),
(842, 32, 45.3762114, -75.7060123, '2014-12-10 13:17:55'),
(843, 32, 45.3762114, -75.7060123, '2014-12-10 13:18:25'),
(844, 32, 45.3762114, -75.7060123, '2014-12-10 13:18:55'),
(845, 32, 45.3762114, -75.7060123, '2014-12-10 13:19:25'),
(846, 32, 45.3762114, -75.7060123, '2014-12-10 13:19:53'),
(847, 32, 45.3762114, -75.7060123, '2014-12-10 13:20:33'),
(848, 32, 45.3762114, -75.7060123, '2014-12-10 13:21:04'),
(849, 32, 45.3762114, -75.7060123, '2014-12-10 13:21:33'),
(850, 32, 45.3762114, -75.7060123, '2014-12-10 13:22:04'),
(851, 32, 45.3762114, -75.7060123, '2014-12-10 13:22:34'),
(852, 32, 45.3762114, -75.7060123, '2014-12-10 13:23:04'),
(853, 32, 45.3762114, -75.7060123, '2014-12-10 13:23:33'),
(854, 32, 45.3762114, -75.7060123, '2014-12-10 13:24:02'),
(855, 32, 45.3762114, -75.7060123, '2014-12-10 13:24:33'),
(856, 32, 45.3762114, -75.7060123, '2014-12-10 13:25:03'),
(857, 32, 45.3762114, -75.7060123, '2014-12-10 13:25:31'),
(858, 32, 45.3762114, -75.7060123, '2014-12-10 13:26:01'),
(859, 32, 45.3762114, -75.7060123, '2014-12-10 13:26:34'),
(860, 32, 45.3762114, -75.7060123, '2014-12-10 13:27:06'),
(861, 32, 45.3762114, -75.7060123, '2014-12-10 13:27:40'),
(862, 32, 45.3762114, -75.7060123, '2014-12-10 13:28:01'),
(863, 32, 45.3762114, -75.7060123, '2014-12-10 13:28:33'),
(864, 32, 45.3762114, -75.7060123, '2014-12-10 13:29:01'),
(865, 32, 45.3762114, -75.7060123, '2014-12-10 13:29:31'),
(866, 32, 45.3762114, -75.7060123, '2014-12-10 13:30:04'),
(867, 32, 45.3762114, -75.7060123, '2014-12-10 13:30:34'),
(868, 32, 45.3762114, -75.7060123, '2014-12-10 13:31:15'),
(869, 32, 45.3762114, -75.7060123, '2014-12-10 13:31:55'),
(870, 32, 45.3762114, -75.7060123, '2014-12-10 13:32:24'),
(871, 32, 45.3762114, -75.7060123, '2014-12-10 13:32:55'),
(872, 32, 45.3762114, -75.7060123, '2014-12-10 13:33:24'),
(873, 32, 45.3762114, -75.7060123, '2014-12-10 13:33:54'),
(874, 32, 45.3762114, -75.7060123, '2014-12-10 13:34:25'),
(875, 32, 45.3762114, -75.7060123, '2014-12-10 13:34:51'),
(876, 32, 45.3762114, -75.7060123, '2014-12-10 13:35:25'),
(877, 32, 45.3762114, -75.7060123, '2014-12-10 13:35:55'),
(878, 32, 45.3762114, -75.7060123, '2014-12-10 13:36:24'),
(879, 32, 45.3762114, -75.7060123, '2014-12-10 13:36:54'),
(880, 32, 45.3762114, -75.7060123, '2014-12-10 13:37:24'),
(881, 32, 45.3762114, -75.7060123, '2014-12-10 13:37:53'),
(882, 32, 45.3762114, -75.7060123, '2014-12-10 13:38:25'),
(883, 32, 45.3762114, -75.7060123, '2014-12-10 13:38:55'),
(884, 32, 45.3762114, -75.7060123, '2014-12-10 13:39:25'),
(885, 32, 45.3762114, -75.7060123, '2014-12-10 13:39:55'),
(886, 32, 45.3762114, -75.7060123, '2014-12-10 13:41:13'),
(887, 32, 45.3762114, -75.7060123, '2014-12-10 13:42:42'),
(888, 32, 45.3762114, -75.7060123, '2014-12-10 13:43:43'),
(889, 30, 45.3657595, -75.7896726, '2014-12-10 19:53:09'),
(890, 30, 45.3657595, -75.7896726, '2014-12-10 19:53:11');

-- --------------------------------------------------------

--
-- Table structure for table `Espionage_Dossier`
--

CREATE TABLE IF NOT EXISTS `Espionage_Dossier` (
  `index` int(11) NOT NULL AUTO_INCREMENT,
  `Agent_ID` int(11) NOT NULL,
  `Target_ID` int(11) NOT NULL,
  `Target_FName` tinytext NOT NULL,
  `Target_LName` tinytext NOT NULL,
  `Target_Age` int(11) NOT NULL,
  `Target_Gender` char(1) NOT NULL,
  `Target_HairColour` tinytext NOT NULL,
  `Target_Height` int(11) NOT NULL,
  `Target_Build` tinytext NOT NULL,
  `Target_Occupation` tinytext NOT NULL,
  PRIMARY KEY (`index`)
) ENGINE=MyISAM  DEFAULT CHARSET=latin1 AUTO_INCREMENT=20 ;

--
-- Dumping data for table `Espionage_Dossier`
--

INSERT INTO `Espionage_Dossier` (`index`, `Agent_ID`, `Target_ID`, `Target_FName`, `Target_LName`, `Target_Age`, `Target_Gender`, `Target_HairColour`, `Target_Height`, `Target_Build`, `Target_Occupation`) VALUES
(19, 33, 33, '', '', 0, '', 'blonde', 71, 'Average', ''),
(18, 33, 20, 'alex', 'eady', 31, 'M', 'Brown', 67, '', 'Criminal');

-- --------------------------------------------------------

--
-- Table structure for table `Espionage_Feed`
--

CREATE TABLE IF NOT EXISTS `Espionage_Feed` (
  `ID` int(11) NOT NULL AUTO_INCREMENT,
  `Agent_ID` int(11) NOT NULL,
  `Message` text NOT NULL,
  `Timestamp` datetime NOT NULL,
  PRIMARY KEY (`ID`)
) ENGINE=MyISAM  DEFAULT CHARSET=latin1 AUTO_INCREMENT=273 ;

--
-- Dumping data for table `Espionage_Feed`
--

INSERT INTO `Espionage_Feed` (`ID`, `Agent_ID`, `Message`, `Timestamp`) VALUES
(272, 33, 'Your Neutralization attempt failed. You are now exposed.', '2014-12-08 11:55:27'),
(271, 20, 'You have been neutralized by Agent #33.', '2014-12-08 11:55:27'),
(270, 33, 'You have successfully neutralized Agent #20.', '2014-12-08 11:55:27'),
(269, 33, 'You began a stakeout.', '2014-12-08 11:55:26'),
(268, 33, 'You began a stakeout.', '2014-12-08 11:55:26'),
(267, 33, 'You successfully picked up a dead drop.', '2014-12-08 11:55:25'),
(266, 33, 'You deployed a Dead Drop.', '2014-12-08 11:55:24'),
(265, 33, 'You deployed a Dead Drop.', '2014-12-08 11:55:18'),
(264, 20, 'You were caught in another agent''s stakeout.', '2014-12-08 11:54:59'),
(263, 33, 'You learned a piece of information about Agent #20 from your stakeout.', '2014-12-08 11:54:59'),
(262, 20, 'You were caught in another agent''s stakeout.', '2014-12-08 11:54:29'),
(261, 33, 'You learned a piece of information about Agent #20 from your stakeout.', '2014-12-08 11:54:29'),
(260, 20, 'You were caught in another agent''s stakeout.', '2014-12-08 11:53:59'),
(259, 33, 'You learned a piece of information about Agent #20 from your stakeout.', '2014-12-08 11:53:59'),
(258, 33, 'You began a stakeout.', '2014-12-08 11:53:56'),
(257, 33, 'You performed a Sweep.', '2014-12-08 11:53:56'),
(256, 33, 'You learned a piece of information about Agent #33 while performing a sweep.', '2014-12-08 11:53:53'),
(255, 33, 'You learned a piece of information about Agent #33 while performing a sweep.', '2014-12-08 11:53:53'),
(254, 33, 'You performed a Sweep.', '2014-12-08 11:53:53'),
(253, 31, 'You have been neutralized by Agent #33.', '2014-12-08 11:53:52'),
(251, 33, 'You placed a bug.', '2014-12-08 11:53:51'),
(252, 33, 'You have successfully neutralized Agent #31.', '2014-12-08 11:53:52'),
(250, 33, 'You placed a bug.', '2014-12-08 11:53:51'),
(249, 33, 'You learned a piece of information about Agent #33 while performing a sweep.', '2014-12-08 11:53:50'),
(248, 33, 'You performed a Sweep.', '2014-12-08 11:53:50'),
(247, 20, 'You were caught in another agent''s bug.', '2014-12-08 11:53:29'),
(246, 33, 'You learned a piece of information about Agent #20 from your bug.', '2014-12-08 11:53:29'),
(245, 20, 'You were caught in another agent''s bug.', '2014-12-08 11:52:59'),
(244, 33, 'You learned a piece of information about Agent #20 from your bug.', '2014-12-08 11:52:59'),
(243, 20, 'You were caught in another agent''s bug.', '2014-12-08 11:52:29'),
(242, 33, 'You learned a piece of information about Agent #20 from your bug.', '2014-12-08 11:52:29'),
(241, 20, 'You were caught in another agent''s bug.', '2014-12-08 11:51:59'),
(240, 33, 'You learned a piece of information about Agent #20 from your bug.', '2014-12-08 11:51:59'),
(239, 20, 'You were caught in another agent''s bug.', '2014-12-08 11:51:29'),
(238, 33, 'You learned a piece of information about Agent #20 from your bug.', '2014-12-08 11:51:29'),
(237, 20, 'You were caught in another agent''s bug.', '2014-12-08 11:50:59'),
(236, 33, 'You learned a piece of information about Agent #20 from your bug.', '2014-12-08 11:50:59'),
(235, 20, 'You were caught in another agent''s bug.', '2014-12-08 11:50:29'),
(234, 33, 'You learned a piece of information about Agent #20 from your bug.', '2014-12-08 11:50:29'),
(233, 20, 'You were caught in another agent''s bug.', '2014-12-08 11:49:59'),
(232, 33, 'You learned a piece of information about Agent #20 from your bug.', '2014-12-08 11:49:59'),
(231, 20, 'You were caught in another agent''s bug.', '2014-12-08 11:49:29'),
(230, 33, 'You learned a piece of information about Agent #20 from your bug.', '2014-12-08 11:49:29'),
(229, 20, 'You were caught in another agent''s bug.', '2014-12-08 11:48:59'),
(228, 33, 'You learned a piece of information about Agent #20 from your bug.', '2014-12-08 11:48:59'),
(227, 20, 'You were caught in another agent''s bug.', '2014-12-08 11:48:29'),
(226, 33, 'You learned a piece of information about Agent #20 from your bug.', '2014-12-08 11:48:29'),
(225, 20, 'You were caught in another agent''s bug.', '2014-12-08 11:47:59'),
(224, 33, 'You learned a piece of information about Agent #20 from your bug.', '2014-12-08 11:47:59'),
(223, 20, 'You were caught in another agent''s bug.', '2014-12-08 11:47:29'),
(222, 33, 'You learned a piece of information about Agent #20 from your bug.', '2014-12-08 11:47:29'),
(221, 20, 'You were caught in another agent''s bug.', '2014-12-08 11:47:00'),
(220, 33, 'You learned a piece of information about Agent #20 from your bug.', '2014-12-08 11:47:00'),
(219, 20, 'You were caught in another agent''s bug.', '2014-12-08 11:46:29'),
(218, 33, 'You learned a piece of information about Agent #20 from your bug.', '2014-12-08 11:46:29'),
(217, 20, 'You were caught in another agent''s bug.', '2014-12-08 11:45:59'),
(216, 33, 'You learned a piece of information about Agent #20 from your bug.', '2014-12-08 11:45:59'),
(215, 20, 'You were caught in another agent''s bug.', '2014-12-08 11:45:29'),
(214, 33, 'You learned a piece of information about Agent #20 from your bug.', '2014-12-08 11:45:29'),
(213, 20, 'You were caught in another agent''s bug.', '2014-12-08 11:44:59'),
(212, 33, 'You learned a piece of information about Agent #20 from your bug.', '2014-12-08 11:44:59'),
(211, 20, 'You were caught in another agent''s bug.', '2014-12-08 11:44:29'),
(210, 33, 'You learned a piece of information about Agent #20 from your bug.', '2014-12-08 11:44:29'),
(209, 20, 'You were caught in another agent''s bug.', '2014-12-08 11:43:59'),
(208, 33, 'You learned a piece of information about Agent #20 from your bug.', '2014-12-08 11:43:59'),
(207, 20, 'You were caught in another agent''s bug.', '2014-12-08 11:43:29'),
(206, 33, 'You learned a piece of information about Agent #20 from your bug.', '2014-12-08 11:43:29'),
(205, 20, 'You were caught in another agent''s bug.', '2014-12-08 11:42:59'),
(204, 33, 'You learned a piece of information about Agent #20 from your bug.', '2014-12-08 11:42:59'),
(203, 33, 'You placed a bug.', '2014-12-08 11:42:30');

-- --------------------------------------------------------

--
-- Table structure for table `Espionage_MissionCompletion`
--

CREATE TABLE IF NOT EXISTS `Espionage_MissionCompletion` (
  `key` int(11) NOT NULL AUTO_INCREMENT,
  `Agent_ID` int(11) NOT NULL,
  `Mission_ID` int(11) NOT NULL,
  `Time_Completed` datetime NOT NULL,
  PRIMARY KEY (`key`)
) ENGINE=MyISAM  DEFAULT CHARSET=latin1 AUTO_INCREMENT=18 ;

-- --------------------------------------------------------

--
-- Table structure for table `Espionage_Missions`
--

CREATE TABLE IF NOT EXISTS `Espionage_Missions` (
  `Mission_ID` int(11) NOT NULL AUTO_INCREMENT,
  `Description` text NOT NULL,
  `Type` varchar(100) NOT NULL,
  `Location_Lat` double NOT NULL,
  `Location_Long` double NOT NULL,
  `StartDate` datetime NOT NULL,
  `EndDate` datetime NOT NULL,
  PRIMARY KEY (`Mission_ID`)
) ENGINE=MyISAM  DEFAULT CHARSET=latin1 AUTO_INCREMENT=48 ;

--
-- Dumping data for table `Espionage_Missions`
--

INSERT INTO `Espionage_Missions` (`Mission_ID`, `Description`, `Type`, `Location_Lat`, `Location_Long`, `StartDate`, `EndDate`) VALUES
(1, 'Go to Carleton and Do Something', 'hacking', 45.3831, -75.6976, '2014-12-01 00:00:00', '2014-12-07 00:00:00'),
(2, 'Go to Parliament and Do stuff', 'supplydrop', 45.424807, -75.699234, '2014-12-05 00:00:00', '2014-12-06 00:00:00'),
(3, 'Hack stuff - get info', 'hacking', 45.365774, -75.7897, '2014-12-08 00:00:00', '2014-12-09 00:00:00'),
(6, 'Going to this location will ensure your safety, agent. Use it as if you get in trouble.', 'safehouse', 45.3833, -75.6973, '2014-12-09 00:00:00', '2014-12-10 00:00:00'),
(7, 'Going to this location will ensure your safety, agent. Use it as if you get in trouble.', 'safehouse', 45.3834, -75.6943, '2014-12-09 00:00:00', '2014-12-10 00:00:00'),
(8, 'A vulnerability has been uncovered that can be used to extract intel on your adversaries. Get to the location as fast as possible to retrieve it.', 'hacking', 45.38425886, -75.69843203, '2014-12-09 00:00:00', '2014-12-09 00:00:00'),
(9, 'An associate has provided intel on the agents in the region. Get to the location as fast as possible to retrieve this intel for yourself.', 'rendezvous', 45.38708833, -75.69696218, '2014-12-09 00:00:00', '2014-12-09 00:00:00'),
(10, 'A vulnerability has been uncovered that can be used to extract intel on your adversaries. Get to the location as fast as possible to retrieve it.', 'hacking', 45.3820566, -75.69938287, '2014-12-09 00:00:00', '2014-12-09 00:00:00'),
(11, 'An associate has provided intel on the agents in the region. Get to the location as fast as possible to retrieve this intel for yourself.', 'rendezvous', 45.38662492, -75.69375426, '2014-12-09 00:00:00', '2014-12-09 00:00:00'),
(12, 'A vulnerability has been found in the spy database. Hack it to collect some intel.', 'hacking', 45.38528178, -75.69695547, '2014-12-09 00:00:00', '2014-12-10 00:00:00'),
(13, 'A vulnerability has been found in the spy database. Hack it to collect some intel.', 'hacking', 45.38186633, -75.69858089, '2014-12-09 00:00:00', '2014-12-10 00:00:00'),
(14, 'More vulnerabilities have been found. Hack them to extract more intel.', 'hacking', 45.38296276, -75.6984441, '2014-12-10 08:00:00', '2014-12-11 00:00:00'),
(15, 'Another informant has provided some intel and supplies.\r\n', 'rendezvous', 45.38129361, -75.69950625, '2014-12-10 15:00:00', '2014-12-10 22:00:00'),
(16, 'One of our operatives has left a cache of supplies in this location. Get there to retrieve additional bugs.\r\n', 'supplydrop', 45.38221674, -75.69612667, '2014-12-10 12:00:00', '2014-12-10 20:00:00'),
(17, 'This location is secure. Use it if you are in danger.', 'safehouse', 45.38085277, -75.69896914, '2014-12-11 00:00:00', '2014-12-13 00:00:00'),
(18, 'A weakness in the database security has been spotted. Use it to collect more intel.', 'hacking', 45.38216776, -75.69948211, '2014-12-11 07:00:00', '2014-12-11 10:00:00'),
(19, 'A cache of supplies have been spotted. Go to the location to collect them.', 'supplydrop', 45.38430125, -75.69834016, '2014-12-11 09:00:00', '2014-12-11 12:00:00'),
(20, 'A weakness in the database security has been spotted. Use it to collect more intel.\r\n', 'hacking', 45.38560768, -75.69751337, '2014-12-11 16:00:00', '2014-12-11 20:00:00'),
(21, 'Some files have been left out in the open by a mysterious benefactor.\r\n', 'rendezvous', 45.38234484, -75.69887727, '2014-12-11 12:00:00', '2014-12-11 13:00:00'),
(22, 'More supplies have been delivered.', 'supplydrop', 45.38330375, -75.69911197, '2014-12-12 07:00:00', '2014-12-12 11:00:00'),
(23, 'A vulnerability has been found in the system. Hack it for additional data.', 'hacking', 45.38266699, -75.6966383, '2014-12-12 10:00:00', '2014-12-12 20:00:00'),
(24, 'An informant has left an intel package for an agent to retrieve.', 'rendezvous', 45.38375776, -75.69780037, '2014-12-12 11:00:00', '2014-12-12 13:00:00'),
(25, 'A vulnerability has been found in the system. Hack it for additional data.\r\n', 'hacking', 45.38349967, -75.69742754, '2014-12-12 15:00:00', '2014-12-12 21:00:00'),
(26, 'An informant has left an intel package for an agent to retrieve.\r\n', 'rendezcous', 45.38323781, -75.69831535, '2014-12-12 18:00:00', '2014-12-13 00:00:00'),
(27, 'This location is secure. Use it if you are in danger.\r\n', 'safehouse', 45.38989882, -75.69384277, '2014-12-13 00:00:00', '2014-12-14 00:00:00'),
(28, '-75.69384277', 'safehouse', 45.38145186, -75.69918975, '2014-12-13 00:00:00', '2014-12-14 00:00:00'),
(29, 'An agent has left an intel package in the area. Retrieve it for more data on your rivals.', 'rendezvous', 45.3856058, -75.69603346, '2014-12-13 10:00:00', '2014-12-13 20:00:00'),
(30, 'More vulnerabilities have been found. Hack them to extract more intel.\r\n', 'hacking', 45.38294204, -75.69839582, '2014-12-13 08:00:00', '2014-12-14 00:00:00'),
(31, 'Another intel package has been located.\r\n', 'rendezvous', 45.38256338, -75.69921389, '2014-12-13 09:00:00', '2014-12-13 14:00:00'),
(32, 'One of our operatives has left a cache of supplies in this location. Get there to retrieve additional bugs.', 'supplydrop', 45.3824315, -75.69609381, '2014-12-13 12:00:00', '2014-12-13 20:00:00'),
(33, 'This location is secure. Use it if you are in danger.\r\n', 'safehouse', 45.38336591, -75.69732562, '2014-12-14 00:00:00', '2014-12-15 00:00:00'),
(34, 'More vulnerabilities have been found. Hack them to extract more intel.', 'hacking', 45.38219413, -75.69739603, '2014-12-14 08:00:00', '2014-12-14 22:00:00'),
(35, 'One of our operatives has left a cache of supplies in this location. Get there to retrieve additional bugs.', 'supplydrop', 45.38423814, -75.69844477, '2014-12-14 15:00:00', '2014-12-14 18:00:00'),
(36, 'This location is secure. Use it if you are in danger.\r\n', 'safehouse', 45.38480894, -75.69648609, '2014-12-15 00:00:00', '2014-12-17 00:00:00'),
(37, 'A stache in data and field supplies are available to the agents to make it to this location.', 'rendezvous', 45.38352227, -75.69540516, '2014-12-15 14:00:00', '2014-12-16 02:00:00'),
(38, 'A weakness in the database security has been spotted. Use it to collect more intel.', 'hacking', 45.38559826, -75.69753483, '2014-12-15 07:00:00', '2014-12-15 19:00:00'),
(39, 'A weakness in the database security has been spotted. Use it to collect more intel.', 'hacking', 45.38215834, -75.69944724, '2014-12-15 16:00:00', '2014-12-15 20:00:00'),
(40, 'A vulnerability has been found in the system. Hack it for additional data.', 'hacking', 45.38268018, -75.69666579, '2014-12-16 10:00:00', '2014-12-16 20:00:00'),
(41, 'More supplies have been delivered.', 'supplydrop', 45.38318506, -75.69900736, '2014-12-16 07:00:00', '2014-12-16 11:00:00'),
(42, 'An informant has left an intel package for an agent to retrieve.\r\n', 'rendezvous', 45.38316999, -75.69825366, '2014-12-16 18:00:00', '2014-12-17 00:00:00'),
(43, 'A vulnerability has been found in the system. Hack it for additional data.\r\n', 'hacking', 45.38430784, -75.69830462, '2014-12-17 09:00:00', '2014-12-17 15:00:00'),
(44, 'A vulnerability has been found in the system. Hack it for additional data.', 'hacking', 45.38192473, -75.69867007, '2014-12-17 18:00:00', '2014-12-17 21:00:00'),
(45, 'More supplies have been delivered.\r\n', 'supplydrop', 45.38324723, -75.69907442, '2014-12-18 08:00:00', '2014-12-18 10:00:00'),
(46, 'An informant has left an intel package for an agent to retrieve.', 'rendezvous', 45.38696777, -75.69674894, '2014-12-18 11:00:00', '2014-12-18 13:00:00'),
(47, 'A vulnerability has been found in the system. Hack it for additional data.', 'hacking', 45.38518006, -75.69685623, '2014-12-18 18:00:00', '2014-12-18 21:00:00');

-- --------------------------------------------------------

--
-- Table structure for table `Espionage_Users`
--

CREATE TABLE IF NOT EXISTS `Espionage_Users` (
  `Agent_ID` int(11) NOT NULL AUTO_INCREMENT,
  `Email` varchar(255) NOT NULL,
  `Password` tinytext NOT NULL,
  `token` varchar(255) NOT NULL,
  `First_Name` tinytext NOT NULL,
  `Last_Name` tinytext NOT NULL,
  `Gender` char(1) NOT NULL,
  `Age` int(11) NOT NULL,
  `HairColour` tinytext NOT NULL,
  `Height` int(11) NOT NULL COMMENT 'Inches',
  `Build` tinytext NOT NULL,
  `Occupation` tinytext NOT NULL,
  `Location_Lat` double NOT NULL,
  `Location_Long` double NOT NULL,
  `Location_Broadcast` tinyint(1) NOT NULL,
  `ExposedTime` datetime NOT NULL,
  `Alive` tinyint(1) NOT NULL,
  `Kills` int(11) NOT NULL,
  `Bugs` int(11) NOT NULL DEFAULT '3',
  `Sweeps` int(11) NOT NULL DEFAULT '3',
  `Stakeouts` int(11) NOT NULL DEFAULT '3',
  PRIMARY KEY (`Agent_ID`),
  UNIQUE KEY `Email` (`Email`)
) ENGINE=MyISAM  DEFAULT CHARSET=latin1 AUTO_INCREMENT=35 ;

--
-- Dumping data for table `Espionage_Users`
--

INSERT INTO `Espionage_Users` (`Agent_ID`, `Email`, `Password`, `token`, `First_Name`, `Last_Name`, `Gender`, `Age`, `HairColour`, `Height`, `Build`, `Occupation`, `Location_Lat`, `Location_Long`, `Location_Broadcast`, `ExposedTime`, `Alive`, `Kills`, `Bugs`, `Sweeps`, `Stakeouts`) VALUES
(30, 'brdunfield@gmail.com', '5f4dcc3b5aa765d61d8327deb882cf99', '7ecdb7aff2a2da2016065df021b59e66a36918fbc7a575437279cbb5312d1b69', 'Bethany', 'Dunfield', 'F', 24, 'brown', 65, 'Slim', 'Student', 45.3657595, -75.7896726, 0, '0000-00-00 00:00:00', 1, 0, 3, 3, 3),
(31, 'lorangera.justin@gmail.com', '5f4dcc3b5aa765d61d8327deb882cf99', 'eb347ac383d174116c2f7961bc8b4d7608eb4106d8b772e5aa1577274abe0005', 'Justin', 'Loranger', 'M', 21, 'brown', 73, 'Slim', 'Resident Overdresser', 45.3834804, -75.6976828, 0, '0000-00-00 00:00:00', 1, 0, 3, 3, 3),
(32, 'kathleentran_93@hotmail.com', 'dab64c921b7ae6c479321cdae9dff177', 'e1cdc94f242b662b5ab8a04bb6069c714ee90b2ae0bacbf589d0701106981e99', 'kathleen', 'tran', 'F', 21, 'black', 64, 'slim', 'student', 45.3762114, -75.7060123, 0, '0000-00-00 00:00:00', 1, 0, 3, 3, 3),
(33, 'matthewfournier3@gmail.com', '93de51e6e86cd397bfb1e92707b67972', '00a5f07ed649d8770310b86fd17b5d80b6f1dd9d9037a8b85c8cfcc41749b0ad', 'Matthew', 'Fournier', 'M', 22, 'blonde', 71, 'Average', 'Student', 45.3834539, -75.6976445, 0, '2014-12-08 11:55:27', 1, 0, 3, 3, 3),
(34, 'aeinsilverwolf@gmail.com', '5f4dcc3b5aa765d61d8327deb882cf99', '9f1714408fb809398b305098db58b5007a8eb6d1c3eb5389cdd067d6c5045728', 'Ian', 'Martin', 'M', 21, 'blonde', 73, 'Heavy', 'Poet', 45.4735952, -75.5456229, 0, '0000-00-00 00:00:00', 1, 0, 3, 3, 3),
(20, 'aeady028@gmail.com', '8fe4c11451281c094a6578e6ddbf5eed', 'e4a602c1951af679ff5f27fc1d0ab401e5fb48aee82a3a53096a60bd91e64eea', 'alex', 'eady', 'M', 31, 'Brown', 67, 'Husky', 'Criminal', 45.3834561, -75.6976904, 0, '0000-00-00 00:00:00', 1, 0, 3, 3, 3),
(28, 'arya@carleton.ca', '5882985c8b1e2dce2763072d56a1d6e5', 'c3d149908ad9841846085c0ac60642d25a855108c185b5f9904019224293e130', 'Ali', 'Arya', 'M', 48, 'black', 71, 'great', 'real spy', 0, 0, 0, '0000-00-00 00:00:00', 1, 0, 3, 3, 3),
(25, 'liam.davidson@live.ca', 'd4c296e352d937df06f5ed554d690822', '6bf35a2960ce86c3ebb5d008b066a0195b70547a97d6dda6bc3b24ec3c66e26d', 'Liam', 'Davidson', 'M', 22, 'brown', 70, 'skinny', 'Unity 3D Developer', 0, 0, 0, '0000-00-00 00:00:00', 1, 0, 3, 3, 3);

/*!40101 SET CHARACTER_SET_CLIENT=@OLD_CHARACTER_SET_CLIENT */;
/*!40101 SET CHARACTER_SET_RESULTS=@OLD_CHARACTER_SET_RESULTS */;
/*!40101 SET COLLATION_CONNECTION=@OLD_COLLATION_CONNECTION */;
